company_id,student_id
C001,S0605
C001,S0420
C001,S0492
C001,S0317
C001,S0032
C001,S0080
C001,S0530
C001,S0798
C001,S0014
C001,S0453
C001,S0608
C001,S0676
C001,S0448
C001,S0507
C001,S0564
C001,S0699
C001,S0105
C001,S0751
C001,S0023
C001,S0681
C001,S0060
C001,S0167
C001,S0004
C001,S0361
C001,S0272
C001,S0140
C001,S0366
C001,S0323
C001,S0623
C001,S0728
C001,S0528
C001,S0108
C001,S0245
C001,S0746
C001,S0071
C001,S0325
C001,S0761
C001,S0765
C001,S0328
C001,S0540
C001,S0371
C001,S0612
C001,S0027
C001,S0124
C001,S0501
C001,S0191
C001,S0538
C001,S0281
C001,S0722
C001,S0668
C001,S0401
C001,S0628
C001,S0227
C001,S0402
C001,S0168
C001,S0701
C001,S0672
C001,S0735
C001,S0715
C001,S0771
C001,S0190
C001,S0755
C001,S0466
C001,S0339
C001,S0454
C001,S0275
C001,S0238
C001,S0198
C001,S0065
C001,S0404
C001,S0725
C001,S0514
C001,S0425
C001,S0344
C001,S0376
C001,S0179
C001,S0577
C001,S0618
C001,S0469
C001,S0702
C001,S0240
C001,S0719
C001,S0589
C001,S0649
C001,S0537
C001,S0688
C001,S0797
C001,S0338
C001,S0660
C001,S0603
C001,S0368
C001,S0752
C001,S0315
C001,S0459
C001,S0087
C001,S0188
C001,S0683
C001,S0318
C001,S0202
C001,S0400
C001,S0653
C001,S0730
C001,S0056
C001,S0362
C001,S0320
C001,S0381
C001,S0475
C001,S0407
C001,S0665
C001,S0651
C001,S0693
C001,S0134
C001,S0476
C001,S0234
C001,S0598
C001,S0196
C001,S0544
C001,S0212
C001,S0418
C001,S0764
C001,S0309
C001,S0712
C001,S0788
C001,S0711
C001,S0707
C001,S0554
C001,S0437
C001,S0313
C001,S0659
C001,S0575
C001,S0379
C001,S0145
C001,S0523
C001,S0776
C001,S0203
C001,S0204
C001,S0120
C001,S0410
C001,S0794
C001,S0012
C001,S0655
C001,S0287
C001,S0141
C001,S0599
C001,S0638
C001,S0119
C001,S0247
C001,S0356
C001,S0142
C001,S0419
C001,S0556
C001,S0455
C001,S0067
C001,S0677
C001,S0138
C001,S0606
C001,S0274
C001,S0622
C001,S0163
C001,S0149
C001,S0389
C001,S0029
C001,S0178
C001,S0569
C001,S0675
C001,S0058
C001,S0718
C001,S0632
C001,S0705
C001,S0551
C001,S0529
C001,S0416
C001,S0517
C002,S0747
C002,S0081
C002,S0253
C002,S0058
C002,S0761
C002,S0360
C002,S0548
C002,S0683
C002,S0794
C002,S0139
C002,S0650
C002,S0722
C002,S0038
C002,S0613
C002,S0285
C002,S0525
C002,S0420
C002,S0216
C002,S0118
C002,S0099
C002,S0084
C002,S0520
C002,S0281
C002,S0182
C002,S0559
C002,S0554
C002,S0443
C002,S0756
C002,S0311
C002,S0680
C002,S0059
C002,S0599
C002,S0790
C002,S0688
C002,S0474
C002,S0510
C002,S0283
C002,S0550
C002,S0626
C002,S0799
C002,S0401
C002,S0048
C002,S0485
C002,S0101
C002,S0200
C002,S0267
C002,S0590
C002,S0158
C002,S0140
C002,S0035
C002,S0709
C002,S0561
C002,S0031
C002,S0025
C002,S0454
C002,S0232
C002,S0350
C002,S0749
C002,S0235
C002,S0042
C002,S0770
C002,S0784
C002,S0598
C002,S0376
C002,S0184
C002,S0659
C002,S0596
C002,S0185
C002,S0366
C002,S0375
C002,S0675
C002,S0553
C002,S0523
C002,S0527
C002,S0226
C002,S0301
C002,S0036
C002,S0639
C002,S0349
C002,S0354
C002,S0201
C002,S0178
C002,S0480
C002,S0191
C002,S0050
C002,S0623
C002,S0303
C002,S0308
C002,S0347
C002,S0661
C002,S0259
C002,S0617
C002,S0759
C002,S0534
C002,S0606
C002,S0372
C002,S0332
C002,S0428
C002,S0256
C002,S0085
C002,S0107
C002,S0328
C002,S0453
C002,S0754
C002,S0030
C002,S0507
C002,S0018
C002,S0204
C002,S0183
C002,S0227
C002,S0322
C002,S0432
C002,S0002
C002,S0075
C002,S0451
C002,S0450
C002,S0021
C002,S0760
C002,S0089
C002,S0109
C002,S0126
C002,S0506
C002,S0496
C002,S0788
C002,S0071
C002,S0778
C002,S0173
C002,S0338
C002,S0310
C002,S0127
C002,S0526
C002,S0774
C002,S0045
C002,S0748
C002,S0461
C002,S0570
C002,S0437
C002,S0547
C002,S0371
C002,S0134
C002,S0693
C002,S0029
C002,S0574
C002,S0800
C002,S0007
C002,S0141
C002,S0544
C002,S0049
C002,S0473
C002,S0555
C002,S0472
C002,S0288
C002,S0567
C002,S0477
C002,S0176
C002,S0448
C002,S0707
C002,S0538
C002,S0377
C002,S0257
C003,S0068
C003,S0200
C003,S0012
C003,S0788
C003,S0185
C003,S0662
C003,S0141
C003,S0232
C003,S0332
C003,S0263
C003,S0650
C003,S0770
C003,S0712
C003,S0133
C003,S0631
C003,S0127
C003,S0747
C003,S0421
C003,S0273
C003,S0137
C003,S0202
C003,S0647
C003,S0775
C003,S0079
C003,S0481
C003,S0213
C003,S0445
C003,S0257
C003,S0469
C003,S0158
C003,S0376
C003,S0527
C003,S0111
C003,S0755
C003,S0414
C003,S0668
C003,S0529
C003,S0575
C003,S0577
C003,S0711
C003,S0501
C003,S0228
C003,S0494
C003,S0051
C003,S0197
C003,S0046
C003,S0450
C003,S0139
C003,S0496
C003,S0643
C003,S0672
C003,S0249
C003,S0457
C003,S0379
C003,S0530
C003,S0179
C003,S0783
C003,S0077
C003,S0677
C003,S0482
C003,S0604
C003,S0067
C003,S0480
C003,S0090
C003,S0063
C003,S0610
C003,S0238
C003,S0721
C003,S0615
C003,S0558
C003,S0227
C003,S0566
C003,S0762
C004,S0074
C004,S0265
C004,S0192
C004,S0315
C004,S0601
C004,S0382
C004,S0466
C004,S0253
C004,S0123
C004,S0223
C004,S0699
C004,S0491
C004,S0306
C004,S0642
C004,S0050
C004,S0211
C004,S0190
C004,S0787
C004,S0573
C004,S0506
C004,S0007
C004,S0158
C004,S0518
C004,S0308
C004,S0750
C004,S0622
C004,S0362
C004,S0608
C004,S0780
C004,S0374
C004,S0523
C004,S0747
C004,S0204
C004,S0722
C004,S0078
C004,S0526
C004,S0637
C004,S0502
C004,S0403
C004,S0131
C004,S0182
C004,S0226
C004,S0488
C004,S0358
C004,S0201
C004,S0720
C004,S0301
C004,S0361
C004,S0326
C004,S0156
C004,S0591
C004,S0363
C004,S0015
C004,S0772
C004,S0663
C004,S0586
C004,S0706
C004,S0738
C004,S0274
C004,S0500
C004,S0496
C004,S0185
C004,S0090
C004,S0536
C005,S0635
C005,S0620
C005,S0253
C005,S0175
C005,S0366
C005,S0448
C005,S0747
C005,S0711
C005,S0691
C005,S0773
C005,S0375
C005,S0036
C005,S0065
C005,S0313
C005,S0213
C005,S0144
C005,S0770
C005,S0167
C005,S0771
C005,S0521
C005,S0549
C005,S0268
C005,S0525
C005,S0160
C005,S0759
C005,S0248
C005,S0211
C005,S0577
C005,S0530
C005,S0364
C005,S0516
C005,S0139
C005,S0547
C005,S0225
C005,S0227
C005,S0163
C005,S0165
C005,S0444
C005,S0111
C005,S0554
C005,S0761
C005,S0340
C005,S0735
C005,S0077
C005,S0033
C005,S0585
C005,S0687
C005,S0043
C005,S0632
C005,S0301
C005,S0148
C005,S0798
C005,S0048
C005,S0676
C005,S0520
C005,S0593
C005,S0699
C005,S0158
C005,S0002
C005,S0487
C005,S0283
C005,S0106
C005,S0159
C005,S0055
C005,S0044
C005,S0250
C005,S0784
C005,S0123
C005,S0489
C005,S0557
C005,S0076
C005,S0059
C005,S0491
C005,S0788
C005,S0545
C005,S0786
C005,S0550
C005,S0031
C005,S0705
C005,S0292
C005,S0006
C005,S0414
C005,S0758
C005,S0212
C005,S0398
C005,S0064
C005,S0583
C005,S0688
C005,S0120
C005,S0238
C005,S0170
C005,S0020
C005,S0445
C005,S0558
C005,S0510
C005,S0314
C005,S0447
C005,S0075
C005,S0129
C005,S0746
C005,S0612
C005,S0738
C006,S0747
C006,S0526
C006,S0754
C006,S0331
C006,S0004
C006,S0048
C006,S0089
C006,S0075
C006,S0280
C006,S0566
C006,S0643
C006,S0480
C006,S0125
C006,S0606
C006,S0283
C006,S0012
C006,S0228
C006,S0267
C006,S0227
C006,S0659
C006,S0619
C006,S0562
C006,S0119
C006,S0655
C006,S0549
C006,S0167
C006,S0525
C006,S0389
C006,S0352
C006,S0091
C006,S0420
C006,S0079
C006,S0140
C006,S0116
C006,S0770
C006,S0233
C006,S0259
C006,S0733
C006,S0456
C006,S0246
C006,S0094
C006,S0453
C006,S0275
C006,S0651
C006,S0718
C006,S0379
C006,S0776
C006,S0452
C006,S0225
C006,S0396
C006,S0030
C006,S0652
C006,S0080
C006,S0249
C006,S0457
C006,S0033
C006,S0062
C006,S0057
C006,S0382
C006,S0273
C006,S0190
C006,S0163
C006,S0621
C006,S0768
C006,S0120
C006,S0771
C006,S0482
C006,S0521
C006,S0575
C006,S0569
C006,S0669
C006,S0435
C006,S0261
C006,S0084
C006,S0537
C006,S0027
C006,S0074
C006,S0520
C006,S0512
C006,S0335
C006,S0071
C006,S0345
C006,S0281
C006,S0583
C006,S0472
C006,S0397
C006,S0394
C006,S0774
C006,S0615
C006,S0403
C006,S0386
C006,S0022
C006,S0759
C006,S0268
C006,S0212
C006,S0800
C006,S0587
C007,S0036
C007,S0048
C007,S0023
C007,S0488
C007,S0057
C007,S0755
C007,S0758
C007,S0447
C007,S0502
C007,S0239
C007,S0049
C007,S0596
C007,S0081
C007,S0068
C007,S0249
C007,S0012
C007,S0348
C007,S0573
C007,S0651
C007,S0491
C007,S0688
C007,S0324
C007,S0414
C007,S0185
C007,S0761
C007,S0227
C007,S0198
C007,S0293
C007,S0280
C007,S0427
C007,S0720
C007,S0240
C007,S0423
C007,S0274
C007,S0669
C007,S0137
C007,S0083
C007,S0408
C007,S0544
C007,S0644
C007,S0480
C007,S0628
C007,S0313
C007,S0027
C007,S0098
C007,S0031
C007,S0266
C007,S0403
C007,S0285
C007,S0454
C007,S0389
C007,S0550
C007,S0538
C007,S0255
C007,S0276
C007,S0477
C007,S0484
C007,S0253
C007,S0267
C007,S0561
C007,S0525
C007,S0118
C007,S0355
C007,S0728
C007,S0030
C007,S0693
C007,S0140
C007,S0339
C007,S0011
C007,S0747
C007,S0369
C007,S0770
C007,S0234
C007,S0705
C007,S0748
C007,S0453
C007,S0171
C007,S0553
C007,S0449
C007,S0354
C007,S0223
C007,S0119
C007,S0565
C007,S0778
C007,S0025
C007,S0599
C007,S0752
C007,S0058
C007,S0090
C007,S0558
C007,S0054
C007,S0678
C007,S0738
C007,S0714
C007,S0659
C007,S0420
C007,S0206
C007,S0413
C007,S0091
C007,S0531
C007,S0124
C007,S0415
C007,S0050
C007,S0245
C008,S0191
C008,S0507
C008,S0639
C008,S0045
C008,S0690
C008,S0701
C008,S0275
C008,S0533
C008,S0323
C008,S0134
C008,S0432
C008,S0069
C008,S0715
C008,S0750
C008,S0669
C008,S0457
C008,S0454
C008,S0787
C008,S0203
C008,S0060
C008,S0267
C008,S0262
C008,S0009
C008,S0485
C008,S0220
C008,S0163
C008,S0031
C008,S0293
C008,S0716
C008,S0274
C008,S0550
C008,S0615
C008,S0560
C008,S0002
C008,S0029
C008,S0794
C008,S0636
C008,S0758
C008,S0735
C008,S0018
C008,S0643
C008,S0366
C008,S0641
C008,S0008
C008,S0238
C008,S0610
C008,S0644
C008,S0248
C008,S0251
C008,S0774
C008,S0355
C008,S0362
C008,S0453
C008,S0327
C008,S0349
C008,S0675
C008,S0741
C008,S0755
C008,S0458
C008,S0358
C008,S0572
C008,S0682
C008,S0566
C008,S0608
C008,S0549
C008,S0604
C008,S0178
C008,S0403
C008,S0479
C008,S0003
C008,S0693
C008,S0495
C008,S0112
C008,S0662
C009,S0586
C009,S0622
C009,S0321
C009,S0705
C009,S0339
C009,S0474
C009,S0001
C009,S0525
C009,S0469
C009,S0405
C009,S0668
C009,S0554
C009,S0245
C009,S0772
C009,S0577
C009,S0793
C009,S0776
C009,S0755
C009,S0620
C009,S0502
C009,S0163
C009,S0453
C009,S0628
C009,S0430
C009,S0726
C009,S0099
C009,S0313
C009,S0417
C009,S0352
C009,S0091
C009,S0140
C009,S0688
C009,S0395
C009,S0040
C009,S0014
C009,S0382
C009,S0156
C009,S0651
C009,S0194
C009,S0488
C009,S0256
C009,S0738
C009,S0432
C009,S0741
C009,S0190
C010,S0268
C010,S0376
C010,S0387
C010,S0799
C010,S0093
C010,S0688
C010,S0702
C010,S0452
C010,S0276
C010,S0420
C010,S0245
C010,S0647
C010,S0403
C010,S0754
C010,S0507
C010,S0418
C010,S0575
C010,S0407
C010,S0741
C010,S0158
C010,S0778
C010,S0656
C010,S0700
C010,S0389
C010,S0680
C010,S0249
C010,S0620
C010,S0120
C010,S0358
C010,S0263
C010,S0311
C010,S0665
C010,S0215
C010,S0603
C010,S0058
C010,S0622
C010,S0642
C010,S0321
C010,S0583
C010,S0747
C010,S0649
C010,S0308
C011,S0389
C011,S0639
C011,S0249
C011,S0655
C011,S0273
C011,S0656
C011,S0069
C011,S0035
C011,S0799
C011,S0715
C011,S0728
C011,S0770
C011,S0352
C011,S0245
C011,S0118
C011,S0405
C011,S0190
C011,S0760
C011,S0004
C011,S0126
C011,S0211
C011,S0178
C011,S0191
C011,S0528
C011,S0272
C011,S0498
C011,S0733
C012,S0494
C012,S0565
C012,S0303
C012,S0149
C012,S0272
C012,S0771
C012,S0508
C012,S0234
C012,S0370
C012,S0679
C012,S0543
C012,S0457
C012,S0731
C012,S0549
C012,S0523
C012,S0176
C012,S0091
C012,S0491
C012,S0339
C012,S0482
C012,S0048
C012,S0675
C012,S0187
C012,S0651
C012,S0444
C012,S0028
C012,S0659
C012,S0165
C012,S0041
C012,S0614
C012,S0292
C012,S0315
C012,S0217
C012,S0701
C012,S0249
C012,S0185
C012,S0257
C012,S0182
C012,S0267
C012,S0066
C012,S0144
C012,S0340
C012,S0726
C012,S0046
C012,S0186
C012,S0747
C012,S0738
C013,S0549
C013,S0199
C013,S0335
C013,S0181
C013,S0113
C013,S0308
C013,S0468
C013,S0291
C013,S0494
C013,S0248
C013,S0279
C013,S0643
C013,S0719
C013,S0264
C013,S0461
C013,S0228
C013,S0041
C013,S0596
C013,S0148
C013,S0340
C013,S0394
C013,S0163
C013,S0076
C013,S0281
C013,S0770
C013,S0496
C013,S0031
C013,S0485
C013,S0074
C013,S0444
C013,S0610
C013,S0339
C013,S0249
C013,S0036
C013,S0023
C013,S0344
C013,S0722
C013,S0202
C013,S0467
C013,S0551
C013,S0048
C013,S0134
C013,S0272
C013,S0537
C013,S0352
C013,S0592
C013,S0705
C013,S0618
C013,S0797
C013,S0612
C013,S0690
C013,S0677
C013,S0590
C014,S0651
C014,S0759
C014,S0382
C014,S0520
C014,S0420
C014,S0691
C014,S0350
C014,S0675
C014,S0771
C014,S0217
C014,S0577
C014,S0617
C014,S0760
C014,S0747
C014,S0474
C014,S0477
C014,S0156
C014,S0776
C014,S0223
C014,S0586
C014,S0649
C014,S0357
C014,S0185
C014,S0168
C014,S0701
C014,S0418
C014,S0069
C014,S0580
C014,S0726
C014,S0257
C014,S0180
C014,S0065
C014,S0369
C014,S0610
C014,S0376
C014,S0283
C014,S0227
C014,S0234
C014,S0755
C014,S0150
C014,S0786
C014,S0274
C014,S0045
C014,S0643
C014,S0279
C014,S0534
C014,S0516
C014,S0761
C014,S0553
C014,S0672
C014,S0625
C014,S0381
C014,S0549
C014,S0049
C014,S0593
C014,S0770
C014,S0052
C015,S0683
C015,S0760
C015,S0191
C015,S0428
C015,S0758
C015,S0773
C015,S0119
C015,S0287
C015,S0566
C015,S0190
C015,S0272
C015,S0020
C015,S0140
C015,S0455
C015,S0527
C015,S0525
C015,S0639
C015,S0335
C015,S0228
C015,S0013
C015,S0184
C015,S0261
C015,S0165
C015,S0017
C015,S0538
C015,S0514
C015,S0761
C015,S0652
C015,S0459
C015,S0126
C015,S0457
C015,S0047
C015,S0348
C015,S0315
C015,S0344
C015,S0238
C015,S0554
C015,S0688
C015,S0631
C015,S0513
C015,S0443
C015,S0027
C015,S0586
C015,S0449
C015,S0274
C015,S0510
C015,S0381
C015,S0507
C015,S0332
C015,S0376
C015,S0248
C015,S0355
C015,S0570
C015,S0035
C015,S0662
C016,S0234
C016,S0550
C016,S0518
C016,S0525
C016,S0492
C016,S0771
C016,S0408
C016,S0590
C016,S0567
C016,S0194
C016,S0339
C016,S0228
C016,S0296
C016,S0313
C016,S0488
C016,S0185
C016,S0651
C016,S0350
C016,S0568
C016,S0064
C016,S0376
C016,S0025
C016,S0544
C016,S0275
C016,S0765
C016,S0265
C016,S0454
C016,S0217
C016,S0502
C016,S0375
C016,S0300
C016,S0177
C016,S0091
C016,S0103
C016,S0800
C016,S0325
C017,S0003
C017,S0770
C017,S0019
C017,S0335
C017,S0578
C017,S0747
C017,S0577
C017,S0374
C017,S0779
C017,S0031
C017,S0788
C017,S0688
C017,S0755
C017,S0213
C017,S0124
C017,S0533
C017,S0419
C017,S0427
C017,S0754
C017,S0506
C017,S0253
C017,S0319
C017,S0118
C017,S0167
C017,S0655
C017,S0569
C017,S0433
C017,S0301
C017,S0537
C017,S0659
C017,S0721
C017,S0442
C018,S0665
C018,S0417
C018,S0380
C018,S0704
C018,S0311
C018,S0315
C018,S0249
C018,S0420
C018,S0447
C018,S0530
C018,S0344
C018,S0184
C018,S0705
C018,S0279
C018,S0751
C018,S0179
C018,S0453
C018,S0441
C018,S0676
C018,S0120
C018,S0746
C018,S0435
C018,S0477
C018,S0416
C018,S0030
C019,S0402
C019,S0219
C019,S0275
C019,S0524
C019,S0403
C019,S0074
C019,S0058
C019,S0159
C019,S0165
C019,S0492
C019,S0154
C019,S0721
C019,S0180
C019,S0714
C019,S0245
C019,S0340
C019,S0771
C019,S0762
C019,S0577
C019,S0054
C019,S0480
C019,S0793
C019,S0763
C019,S0086
C019,S0315
C019,S0256
C019,S0113
C019,S0561
C019,S0227
C019,S0276
C019,S0070
C019,S0138
C019,S0355
C019,S0124
C020,S0770
C020,S0125
C020,S0420
C020,S0168
C020,S0058
C020,S0176
C020,S0042
C020,S0120
C020,S0397
C020,S0524
C020,S0068
C020,S0352
C020,S0472
C020,S0191
C020,S0300
C020,S0057
C020,S0185
C020,S0374
C020,S0794
C020,S0799
C020,S0783
C020,S0338
C020,S0063
C020,S0265
C020,S0194
C020,S0013
C020,S0075
C020,S0363
C020,S0274
C020,S0156
C020,S0577
C020,S0288
C020,S0691
C020,S0197
C020,S0441
C020,S0158
C020,S0398
C020,S0133
C020,S0140
C020,S0494
C020,S0218
C020,S0149
C021,S0758
C021,S0035
C021,S0461
C021,S0453
C021,S0222
C021,S0370
C021,S0069
C021,S0586
C021,S0190
C021,S0178
C021,S0268
C021,S0746
C021,S0649
C021,S0764
C021,S0528
C021,S0536
C021,S0389
C021,S0747
C021,S0418
C021,S0296
C021,S0523
C021,S0119
C021,S0321
C021,S0267
C021,S0688
C021,S0312
C021,S0676
C021,S0358
C021,S0614
C021,S0126
C021,S0755
C021,S0227
C021,S0211
C021,S0228
C021,S0308
C021,S0577
C021,S0770
C022,S0547
C022,S0453
C022,S0363
C022,S0677
C022,S0691
C022,S0249
C022,S0770
C022,S0321
C022,S0651
C022,S0773
C022,S0573
C022,S0149
C022,S0480
C022,S0115
C022,S0643
C022,S0245
C022,S0566
C022,S0747
C022,S0167
C022,S0319
C022,S0525
C022,S0340
C022,S0163
C022,S0027
C022,S0325
C022,S0527
C022,S0474
C022,S0140
C022,S0366
C022,S0308
C022,S0234
C022,S0590
C022,S0263
C022,S0449
C022,S0755
C022,S0447
C022,S0507
C022,S0058
C022,S0165
C022,S0079
C022,S0623
C022,S0682
C022,S0168
C022,S0190
C022,S0274
C022,S0483
C022,S0508
C022,S0554
C022,S0530
C022,S0456
C022,S0256
C022,S0076
C022,S0577
C022,S0599
C022,S0754
C022,S0416
C023,S0268
C023,S0679
C023,S0632
C023,S0403
C023,S0631
C023,S0227
C023,S0480
C023,S0714
C023,S0266
C023,S0389
C023,S0770
C023,S0652
C023,S0733
C023,S0313
C023,S0799
C023,S0140
C023,S0420
C023,S0382
C023,S0747
C023,S0592
C023,S0510
C023,S0344
C023,S0416
C023,S0017
C023,S0407
C023,S0705
C023,S0575
C023,S0651
C023,S0315
C023,S0432
C023,S0027
C023,S0312
C023,S0379
C023,S0219
C023,S0561
C023,S0352
C023,S0335
C023,S0216
C023,S0443
C023,S0343
C023,S0373
C024,S0477
C024,S0007
C024,S0747
C024,S0052
C024,S0366
C024,S0184
C024,S0428
C024,S0242
C024,S0708
C024,S0323
C024,S0520
C024,S0217
C024,S0017
C024,S0325
C024,S0443
C024,S0373
C024,S0774
C024,S0573
C024,S0799
C024,S0249
C024,S0644
C024,S0453
C024,S0501
C024,S0787
C024,S0528
C024,S0745
C024,S0586
C024,S0119
C024,S0566
C024,S0394
C024,S0754
C024,S0658
C024,S0089
C024,S0124
C024,S0399
C024,S0064
C024,S0683
C024,S0421
C024,S0111
C024,S0733
C024,S0163
C024,S0079
C024,S0181
C024,S0651
C024,S0081
C025,S0507
C025,S0606
C025,S0608
C025,S0177
C025,S0048
C025,S0370
C025,S0182
C025,S0569
C025,S0300
C025,S0104
C025,S0469
C025,S0168
C025,S0552
C025,S0058
C025,S0776
C025,S0553
C025,S0014
C025,S0279
C025,S0140
C025,S0190
C025,S0718
C025,S0496
C025,S0165
C025,S0456
C025,S0226
C025,S0029
C025,S0592
C025,S0631
C025,S0051
C025,S0163
C025,S0314
C025,S0710
C025,S0449
C025,S0530
C025,S0639
C025,S0677
C025,S0388
C025,S0418
C025,S0580
C025,S0227
C025,S0693
C025,S0019
C025,S0180
C025,S0651
C025,S0281
C025,S0172
C025,S0443
C025,S0688
C025,S0028
C025,S0376
C025,S0770
C025,S0249
C025,S0771
C025,S0738
C025,S0668
C025,S0550
C026,S0416
C026,S0339
C026,S0662
C026,S0644
C026,S0617
C026,S0799
C026,S0381
C026,S0655
C026,S0704
C026,S0181
C026,S0031
C026,S0322
C026,S0700
C026,S0242
C026,S0565
C026,S0009
C026,S0288
C026,S0496
C026,S0112
C026,S0736
C026,S0138
C026,S0747
C026,S0184
C026,S0798
C026,S0490
C026,S0066
C026,S0050
C026,S0058
C026,S0479
C026,S0656
C026,S0321
C026,S0357
C026,S0477
C026,S0433
C026,S0553
C026,S0376
C026,S0577
C026,S0283
C026,S0012
C026,S0108
C026,S0452
C026,S0276
C026,S0761
C026,S0507
C026,S0420
C026,S0650
C026,S0216
C026,S0668
C026,S0004
C026,S0501
C026,S0758
C027,S0653
C027,S0705
C027,S0325
C027,S0688
C027,S0457
C027,S0507
C027,S0119
C027,S0227
C027,S0628
C027,S0701
C027,S0756
C027,S0149
C027,S0770
C027,S0127
C027,S0417
C027,S0031
C027,S0036
C027,S0447
C027,S0677
C027,S0181
C027,S0177
C027,S0477
C027,S0234
C027,S0586
C027,S0771
C027,S0620
C027,S0747
C028,S0435
C028,S0693
C028,S0190
C028,S0119
C028,S0525
C028,S0060
C028,S0747
C028,S0565
C028,S0771
C028,S0274
C028,S0403
C028,S0628
C028,S0228
C028,S0453
C028,S0527
C028,S0784
C028,S0149
C028,S0379
C028,S0480
C028,S0167
C028,S0354
C028,S0249
C028,S0427
C028,S0184
C028,S0482
C028,S0590
C028,S0191
C028,S0031
C028,S0447
C028,S0308
C028,S0234
C028,S0376
C029,S0688
C029,S0755
C029,S0274
C029,S0186
C029,S0586
C029,S0480
C029,S0218
C029,S0631
C029,S0453
C029,S0527
C029,S0310
C029,S0366
C029,S0191
C029,S0190
C029,S0643
C029,S0653
C029,S0628
C029,S0031
C029,S0249
C029,S0379
C029,S0491
C029,S0313
C029,S0726
C029,S0119
C029,S0620
C029,S0248
C029,S0014
C029,S0447
C029,S0507
C029,S0228
C029,S0202
C029,S0184
C029,S0234
C029,S0036
C029,S0747
C029,S0501
C029,S0701
C029,S0275
C029,S0308
C029,S0311
C029,S0124
C029,S0323
C029,S0754
C029,S0770
C029,S0149
C029,S0420
C029,S0350
C029,S0444
C029,S0477
C029,S0058
C030,S0705
C030,S0774
C030,S0530
C030,S0538
C030,S0449
C030,S0283
C030,S0156
C030,S0491
C030,S0040
C030,S0688
C030,S0345
C030,S0339
C030,S0275
C030,S0177
C030,S0165
C030,S0536
C030,S0798
C030,S0218
C030,S0754
C030,S0248
C030,S0527
C030,S0036
C030,S0417
C030,S0453
C030,S0376
C030,S0523
C030,S0671
C030,S0227
C030,S0726
C030,S0249
C030,S0651
C030,S0124
C030,S0447
C030,S0712
C030,S0799
C030,S0119
C030,S0245
C030,S0309
C030,S0395
C030,S0414
C030,S0722
C030,S0019
C030,S0374
C030,S0517
C030,S0379
C030,S0138
C030,S0325
C030,S0332
C030,S0181
C030,S0632
C030,S0293
C030,S0502
C030,S0444
C031,S0741
C031,S0140
C031,S0139
C031,S0253
C031,S0354
C031,S0643
C031,S0228
C031,S0119
C031,S0339
C031,S0651
C031,S0722
C031,S0607
C031,S0457
C031,S0593
C031,S0554
C031,S0227
C031,S0453
C031,S0274
C031,S0525
C031,S0397
C031,S0418
C031,S0124
C031,S0530
C031,S0728
C031,S0163
C031,S0311
C031,S0041
C031,S0031
C031,S0798
C031,S0414
C031,S0308
C031,S0249
C031,S0784
C031,S0234
C031,S0293
C031,S0066
C031,S0586
C032,S0023
C032,S0554
C032,S0245
C032,S0620
C032,S0632
C032,S0590
C032,S0058
C032,S0577
C032,S0783
C032,S0249
C032,S0659
C032,S0190
C032,S0530
C032,S0628
C032,S0102
C032,S0454
C032,S0480
C032,S0253
C032,S0742
C032,S0191
C032,S0301
C032,S0688
C032,S0218
C032,S0677
C032,S0139
C032,S0382
C032,S0651
C032,S0774
C032,S0376
C032,S0755
C032,S0507
C032,S0754
C032,S0228
C032,S0527
C033,S0191
C033,S0202
C033,S0784
C033,S0355
C033,S0186
C033,S0283
C033,S0325
C033,S0507
C033,S0756
C033,S0797
C033,S0525
C033,S0577
C033,S0275
C033,S0726
C033,S0211
C033,S0138
C033,S0783
C033,S0728
C033,S0256
C033,S0554
C033,S0376
C033,S0249
C033,S0156
C033,S0453
C033,S0372
C033,S0427
C033,S0770
C033,S0520
C033,S0747
C033,S0139
C033,S0705
C033,S0279
C033,S0190
C033,S0234
C033,S0363
C033,S0293
C034,S0249
C034,S0527
C034,S0058
C034,S0301
C034,S0577
C034,S0184
C034,S0218
C034,S0191
C034,S0003
C034,S0395
C034,S0036
C034,S0799
C034,S0755
C034,S0211
C034,S0274
C034,S0417
C035,S0701
C035,S0675
C035,S0124
C035,S0344
C035,S0726
C035,S0738
C035,S0091
C035,S0482
C035,S0141
C035,S0569
C035,S0754
C035,S0375
C035,S0066
C035,S0488
C035,S0339
C035,S0677
C035,S0293
C035,S0731
C035,S0245
C035,S0149
C035,S0257
C035,S0030
C035,S0249
C035,S0538
C035,S0139
C035,S0104
C035,S0127
C035,S0064
C035,S0762
C035,S0035
C035,S0632
C035,S0614
C035,S0799
C035,S0301
C035,S0712
C035,S0607
C035,S0387
C035,S0218
C035,S0603
C035,S0710
C035,S0326
C035,S0550
C035,S0403
C035,S0444
C035,S0639
C035,S0774
C035,S0376
